﻿<?xml version="1.0" encoding="utf-8" standalone="no"?>
<metadata>
  <Esri>
    <CreaDate>19991231</CreaDate>
    <CreaTime>14073800</CreaTime>
    <SyncOnce>FALSE</SyncOnce>
    <SyncDate>19991231</SyncDate>
    <SyncTime>14073800</SyncTime>
    <ModDate>19991231</ModDate>
    <ModTime>14293400</ModTime>
    <Sync>FALSE</Sync>
    <MetaID>{E83BA987-BD2B-40E7-9373-022BECD974C3}</MetaID>
  </Esri>
  <idinfo>
    <native Sync="TRUE">Microsoft Windows XP Version 5.1 (Build 2600) Service Pack 2; ESRI ArcCatalog 9.2.0.1324</native>
    <descript>
      <langdata Sync="TRUE">en</langdata>
      <abstract>The Kern County Department of Agriculture and Measurement Standards created this dataset to more precisely locate production agricultural field boundaries within the county.</abstract>
      <purpose>The Department of Agriculture and Measurement Standards issues annual permits to growers who intend to apply restricted materials to commercial crop locations.  Each grower must hold a current permit before he/she can purchase these materials.  California regulations require that maps of cropland for which the grower is responsible be included in this permitting process.  This dataset helps the department assess each site for California Environmental Quality Act (CEQA) equivalency, proximity to sensitive areas, create standardized maps for all sites, and compile a history of land use for Kern County.</purpose>
    </descript>
    <citation>
      <citeinfo>
        <origin>Kern County Department of Agriculture and Measurement Standards</origin>
        <pubdate>December 31, 1999</pubdate>
        <title Sync="TRUE">Kern1999</title>
        <ftname Sync="TRUE">Kern1999</ftname>
        <geoform Sync="TRUE">vector digital data</geoform>
        <pubtime>8:00 a.m.</pubtime>
        <edition>Final</edition>
        <onlink>\\ag-gispermit\GIS\kgis1999\final_crops\kern1999.shp</onlink>
      </citeinfo>
    </citation>
    <timeperd>
      <current>Coincides with annual permit issuance.</current>
      <timeinfo>
        <rngdates>
          <begdate>January 1, 1999</begdate>
          <enddate>December 31, 1999</enddate>
        </rngdates>
      </timeinfo>
    </timeperd>
    <status>
      <progress>Complete</progress>
      <update>None Planned</update>
    </status>
    <spdom>
      <bounding>
        <westbc Sync="TRUE">-138.152567</westbc>
        <eastbc Sync="TRUE">-138.152559</eastbc>
        <northbc Sync="TRUE">27.196042</northbc>
        <southbc Sync="TRUE">27.196038</southbc>
      </bounding>
      <lboundng>
        <leftbc Sync="TRUE">-120.116808</leftbc>
        <rightbc Sync="TRUE">-117.743047</rightbc>
        <bottombc Sync="TRUE">34.816510</bottombc>
        <topbc Sync="TRUE">35.798175</topbc>
      </lboundng>
    </spdom>
    <keywords>
      <theme>
        <themekt>farm, farming, crops, cropland, restricted materials, pesticide use, permitting, CA agriculture, cropping patterns</themekt>
        <themekey>Agriculture</themekey>
      </theme>
    </keywords>
    <accconst>These are public domain data.</accconst>
    <useconst>There are no restrictions on use of these data.</useconst>
    <natvform Sync="TRUE">Shapefile</natvform>
    <datacred>Inspectors created and maintained this database throughout the year as part of the permitting/supplementing process.</datacred>
    <ptcontac>
      <cntinfo>
        <cntorgp>
          <cntorg>Kern County Department of Agriculture and Measurement Standards</cntorg>
          <cntper>Mark R. Sabin</cntper>
        </cntorgp>
        <cntpos>GIS Programmer/Analyst</cntpos>
        <cntvoice>(661)868-6300</cntvoice>
        <cntfax>(661)868-6301</cntfax>
        <cntemail>sabinm@co.kern.ca.us</cntemail>
        <hours>M-F  8:00 a.m. - 5:00 p.m. Excluding Holidays</hours>
        <cntaddr>
          <addrtype>mailing and physical address</addrtype>
          <address>1001 South Mount Vernon Avenue</address>
          <city>Bakersfield</city>
          <state>CA</state>
          <postal>93307</postal>
          <country>USA</country>
        </cntaddr>
      </cntinfo>
    </ptcontac>
  </idinfo>
  <dataIdInfo>
    <envirDesc Sync="TRUE">Microsoft Windows XP Version 5.1 (Build 2600) Service Pack 2; ESRI ArcCatalog 9.2.0.1324</envirDesc>
    <dataLang>
      <languageCode Sync="TRUE" value="en"></languageCode>
    </dataLang>
    <idCitation>
      <resTitle Sync="TRUE">Kern1999</resTitle>
      <presForm>
        <PresFormCd Sync="TRUE" value="005"></PresFormCd>
      </presForm>
    </idCitation>
    <spatRpType>
      <SpatRepTypCd Sync="TRUE" value="001"></SpatRepTypCd>
    </spatRpType>
    <dataExt>
      <geoEle>
        <GeoBndBox esriExtentType="native">
          <westBL Sync="TRUE">-120.116808</westBL>
          <eastBL Sync="TRUE">-117.743047</eastBL>
          <northBL Sync="TRUE">35.798175</northBL>
          <southBL Sync="TRUE">34.81651</southBL>
          <exTypeCode Sync="TRUE">1</exTypeCode>
        </GeoBndBox>
      </geoEle>
    </dataExt>
    <geoBox esriExtentType="decdegrees">
      <westBL Sync="TRUE">-138.152567</westBL>
      <eastBL Sync="TRUE">-138.152559</eastBL>
      <northBL Sync="TRUE">27.196042</northBL>
      <southBL Sync="TRUE">27.196038</southBL>
      <exTypeCode Sync="TRUE">1</exTypeCode>
    </geoBox>
  </dataIdInfo>
  <metainfo>
    <langmeta Sync="TRUE">en</langmeta>
    <metstdn Sync="TRUE">FGDC Content Standards for Digital Geospatial Metadata</metstdn>
    <metstdv Sync="TRUE">FGDC-STD-001-1998</metstdv>
    <mettc Sync="TRUE">local time</mettc>
    <metc>
      <cntinfo>
        <cntorgp>
          <cntper>Mark R. Sabin</cntper>
          <cntorg>Kern County Department of Agriculture and Measurement Standards</cntorg>
        </cntorgp>
        <cntaddr>
          <addrtype>mailing and physical address</addrtype>
          <city>Bakersfield</city>
          <state>CA</state>
          <postal>93307</postal>
          <address>1001 South Mount Vernon Avenue</address>
          <country>USA</country>
        </cntaddr>
        <cntvoice>(661) 868-6300</cntvoice>
        <cntfax>(661) 868-6301</cntfax>
        <cntemail>sabinm@co.kern.ca.us</cntemail>
        <cntpos>GIS Programmer/Analyst</cntpos>
      </cntinfo>
    </metc>
    <metd Sync="TRUE">19991231</metd>
    <metsi>
      <metsc>Unclassified</metsc>
    </metsi>
    <metextns>
      <onlink Sync="TRUE">http://www.esri.com/metadata/esriprof80.html</onlink>
      <metprof Sync="TRUE">ESRI Metadata Profile</metprof>
    </metextns>
  </metainfo>
  <mdLang>
    <languageCode Sync="TRUE" value="en"></languageCode>
  </mdLang>
  <mdStanName Sync="TRUE">ISO 19115 Geographic Information - Metadata</mdStanName>
  <mdStanVer Sync="TRUE">DIS_ESRI1.0</mdStanVer>
  <mdChar>
    <CharSetCd Sync="TRUE" value="004"></CharSetCd>
  </mdChar>
  <mdHrLv>
    <ScopeCd Sync="TRUE" value="005"></ScopeCd>
  </mdHrLv>
  <mdHrLvName Sync="TRUE">dataset</mdHrLvName>
  <distinfo>
    <resdesc Sync="TRUE">Downloadable Data</resdesc>
    <stdorder>
      <digform>
        <digtinfo>
          <transize Sync="TRUE">2.766</transize>
          <dssize Sync="TRUE">2.766</dssize>
        </digtinfo>
      </digform>
    </stdorder>
    <availabl>
      <timeinfo>
        <rngdates>
          <begdate>January 1, 1999</begdate>
          <enddate>December 31, 1999</enddate>
        </rngdates>
      </timeinfo>
    </availabl>
  </distinfo>
  <distInfo>
    <distributor>
      <distorTran>
        <onLineSrc>
          <orDesc Sync="TRUE">002</orDesc>
          <linkage Sync="TRUE">file://\\ag-gispermit\GIS\kgis1999\kern1999.shp</linkage>
          <protocol Sync="TRUE">Local Area Network</protocol>
        </onLineSrc>
        <transSize Sync="TRUE">2.766</transSize>
      </distorTran>
      <distorFormat>
        <formatName Sync="TRUE">Shapefile</formatName>
      </distorFormat>
    </distributor>
  </distInfo>
  <spdoinfo>
    <direct Sync="TRUE">Vector</direct>
    <ptvctinf>
      <esriterm Name="kern1999">
        <efeatyp Sync="TRUE">Simple</efeatyp>
        <efeageom Sync="TRUE">Polygon</efeageom>
        <esritopo Sync="TRUE">FALSE</esritopo>
        <efeacnt Sync="TRUE">12868</efeacnt>
        <spindex Sync="TRUE">FALSE</spindex>
        <linrefer Sync="TRUE">FALSE</linrefer>
      </esriterm>
      <sdtsterm Name="kern1999">
        <sdtstype Sync="TRUE">G-polygon</sdtstype>
        <ptvctcnt>12,868</ptvctcnt>
      </sdtsterm>
    </ptvctinf>
  </spdoinfo>
  <spref>
    <horizsys>
      <cordsysn>
        <geogcsn Sync="TRUE">GCS_North_American_1983</geogcsn>
        <projcsn Sync="TRUE">NAD_1983_StatePlane_California_V_FIPS_0405_Feet</projcsn>
      </cordsysn>
      <geodetic>
        <horizdn Sync="TRUE">North American Datum of 1983</horizdn>
        <ellips Sync="TRUE">Geodetic Reference System 80</ellips>
        <semiaxis Sync="TRUE">6378137.000000</semiaxis>
        <denflat Sync="TRUE">298.257222</denflat>
      </geodetic>
      <planar>
        <planci>
          <plance Sync="TRUE">coordinate pair</plance>
          <plandu Sync="TRUE">survey feet</plandu>
          <coordrep>
            <absres Sync="TRUE">0.000000</absres>
            <ordres Sync="TRUE">0.000000</ordres>
          </coordrep>
        </planci>
        <mapproj>
          <mapprojn Sync="TRUE">Lambert Conformal Conic</mapprojn>
          <lambertc>
            <stdparll Sync="TRUE">34.033333</stdparll>
            <stdparll Sync="TRUE">35.466667</stdparll>
            <longcm Sync="TRUE">-118.000000</longcm>
            <latprjo Sync="TRUE">33.500000</latprjo>
            <feast Sync="TRUE">6561666.666667</feast>
            <fnorth Sync="TRUE">1640416.666667</fnorth>
          </lambertc>
        </mapproj>
      </planar>
    </horizsys>
  </spref>
  <refSysInfo>
    <RefSystem>
      <refSysID>
        <identCode Sync="TRUE">NAD_1983_StatePlane_California_V_FIPS_0405_Feet</identCode>
      </refSysID>
    </RefSystem>
  </refSysInfo>
  <spatRepInfo>
    <VectSpatRep>
      <topLvl>
        <TopoLevCd Sync="TRUE" value="001"></TopoLevCd>
      </topLvl>
      <geometObjs Name="kern1999">
        <geoObjTyp>
          <GeoObjTypCd Sync="TRUE" value="001"></GeoObjTypCd>
        </geoObjTyp>
        <geoObjCnt Sync="TRUE">12868</geoObjCnt>
      </geometObjs>
    </VectSpatRep>
  </spatRepInfo>
  <eainfo>
    <detailed Name="kern1999">
      <enttyp>
        <enttypl Sync="TRUE">Kern1999</enttypl>
        <enttypt Sync="TRUE">Feature Class</enttypt>
        <enttypc Sync="TRUE">12868</enttypc>
      </enttyp>
      <attr>
        <attrlabl Sync="TRUE">FID</attrlabl>
        <attalias Sync="TRUE">FID</attalias>
        <attrtype Sync="TRUE">OID</attrtype>
        <attwidth Sync="TRUE">4</attwidth>
        <atprecis Sync="TRUE">0</atprecis>
        <attscale Sync="TRUE">0</attscale>
        <attrdef Sync="TRUE">Internal feature number.</attrdef>
        <attrdefs Sync="TRUE">ESRI</attrdefs>
        <attrdomv>
          <udom Sync="TRUE">Sequential unique whole numbers that are automatically generated.</udom>
        </attrdomv>
        <attrmfrq>None planned</attrmfrq>
      </attr>
      <attr>
        <attrlabl Sync="TRUE">Shape</attrlabl>
        <attalias Sync="TRUE">Shape</attalias>
        <attrtype Sync="TRUE">Geometry</attrtype>
        <attwidth Sync="TRUE">0</attwidth>
        <atprecis Sync="TRUE">0</atprecis>
        <attscale Sync="TRUE">0</attscale>
        <attrdef Sync="TRUE">Feature geometry.</attrdef>
        <attrdefs Sync="TRUE">ESRI</attrdefs>
        <attrdomv>
          <udom Sync="TRUE">Coordinates defining the features.</udom>
        </attrdomv>
      </attr>
      <attr>
        <attrlabl Sync="TRUE">PERMIT</attrlabl>
        <attalias Sync="TRUE">PERMIT</attalias>
        <attrtype Sync="TRUE">String</attrtype>
        <attwidth Sync="TRUE">7</attwidth>
        <attrdef Sync="TRUE">Permit - Uniquely identifies an individual grower through time. Each grower maintains the same permit number from year to year. First time permittees obtain a new, never before used permit number in order to avoid same values that reference different growers through time.</attrdef>
      </attr>
      <attr>
        <attrlabl Sync="TRUE">SITEID</attrlabl>
        <attalias Sync="TRUE">SITEID</attalias>
        <attrtype Sync="TRUE">String</attrtype>
        <attwidth Sync="TRUE">8</attwidth>
        <attrdef Sync="TRUE">Site Identification - Uniquely identifies each permitted site (polygon) on a grower permit. This value will not be duplicated on the same permit in the same year.  These values may be used again from year to year by a permittee but may not always reference the same piece of ground from year to year (i.e. Site ID 122A may be referenced on an individual permit over many years, but may not always refer to the same piece of ground each year).</attrdef>
      </attr>
      <attr>
        <attrlabl Sync="TRUE">P_STATUS</attrlabl>
        <attalias Sync="TRUE">P_STATUS</attalias>
        <attrtype Sync="TRUE">String</attrtype>
        <attwidth Sync="TRUE">1</attwidth>
        <attrdef Sync="TRUE">Primary Status - Defines whether a polygon is (A)ctive or i(N)active.</attrdef>
      </attr>
      <attr>
        <attrlabl Sync="TRUE">S_STATUS</attrlabl>
        <attalias Sync="TRUE">S_STATUS</attalias>
        <attrtype Sync="TRUE">String</attrtype>
        <attwidth Sync="TRUE">1</attwidth>
        <attrdef Sync="TRUE">Secondary Status - Defines whether a polygon is (A) single permitted site at one time, an (I)nterplanted site in which there are exactly two commodities permitted for the same piece of ground at the same time (First used in 2002), or a (M)ultiple site in which there are three or more commodities permitted for the same piece of ground at the same time (First used in 2005). The (M) designation is used to generally define a piece of ground with numerous very small (&lt;1 acre) intermingled vegetable crop sites.</attrdef>
      </attr>
      <attr>
        <attrlabl Sync="TRUE">DT_ACT</attrlabl>
        <attalias Sync="TRUE">DT_ACT</attalias>
        <attrtype Sync="TRUE">Date</attrtype>
        <attwidth Sync="TRUE">8</attwidth>
        <attrdef Sync="TRUE">Date Activated - Polygon addition date.</attrdef>
      </attr>
      <attr>
        <attrlabl Sync="TRUE">OP_ACT</attrlabl>
        <attalias Sync="TRUE">OP_ACT</attalias>
        <attrtype Sync="TRUE">String</attrtype>
        <attwidth Sync="TRUE">3</attwidth>
        <attrdef Sync="TRUE">Operator Activated - Inspector who added the polygon to the database.</attrdef>
      </attr>
      <attr>
        <attrlabl Sync="TRUE">DT_INACT</attrlabl>
        <attalias Sync="TRUE">DT_INACT</attalias>
        <attrtype Sync="TRUE">Date</attrtype>
        <attwidth Sync="TRUE">8</attwidth>
        <attrdef Sync="TRUE">Date Inactivated - Date the polygon (site) was replaced by another polygon (site) or December 31st for sites active at the end of the calendar year.</attrdef>
      </attr>
      <attr>
        <attrlabl Sync="TRUE">OP_INACT</attrlabl>
        <attalias Sync="TRUE">OP_INACT</attalias>
        <attrtype Sync="TRUE">String</attrtype>
        <attwidth Sync="TRUE">3</attwidth>
        <attrdef Sync="TRUE">Operator Inactivated - Inspector who archived the polygon.</attrdef>
      </attr>
      <attr>
        <attrlabl Sync="TRUE">COMM</attrlabl>
        <attalias Sync="TRUE">COMM</attalias>
        <attrtype Sync="TRUE">String</attrtype>
        <attwidth Sync="TRUE">15</attwidth>
        <attrdef Sync="TRUE">Commodity - Common name for the permitted crop represented by this polygon.</attrdef>
      </attr>
      <attr>
        <attrlabl Sync="TRUE">TOWN</attrlabl>
        <attalias Sync="TRUE">TOWN</attalias>
        <attrtype Sync="TRUE">String</attrtype>
        <attwidth Sync="TRUE">3</attwidth>
        <attrdef Sync="TRUE">Township – Public Land Survey System (PLSS) Township.</attrdef>
      </attr>
      <attr>
        <attrlabl Sync="TRUE">RANGE</attrlabl>
        <attalias Sync="TRUE">RANGE</attalias>
        <attrtype Sync="TRUE">String</attrtype>
        <attwidth Sync="TRUE">3</attwidth>
        <attrdef Sync="TRUE">Range – Public Land Survey System (PLSS) Range.</attrdef>
      </attr>
      <attr>
        <attrlabl Sync="TRUE">SECTION</attrlabl>
        <attalias Sync="TRUE">SECTION</attalias>
        <attrtype Sync="TRUE">String</attrtype>
        <attwidth Sync="TRUE">2</attwidth>
        <attrdef Sync="TRUE">Section – Public Land Survey (PLSS) Section.</attrdef>
      </attr>
      <attr>
        <attrlabl Sync="TRUE">PERMITTEE</attrlabl>
        <attalias Sync="TRUE">PERMITTEE</attalias>
        <attrtype Sync="TRUE">String</attrtype>
        <attwidth Sync="TRUE">32</attwidth>
        <attrdef Sync="TRUE">Permittee – Farming entity name.</attrdef>
      </attr>
      <attr>
        <attrlabl Sync="TRUE">LASTNAME</attrlabl>
        <attalias Sync="TRUE">LASTNAME</attalias>
        <attrtype Sync="TRUE">String</attrtype>
        <attwidth Sync="TRUE">26</attwidth>
        <attrdef Sync="TRUE">Last Name – Primary permit holder’s last name.</attrdef>
      </attr>
      <attr>
        <attrlabl Sync="TRUE">FIRSTNAME</attrlabl>
        <attalias Sync="TRUE">FIRSTNAME</attalias>
        <attrtype Sync="TRUE">String</attrtype>
        <attwidth Sync="TRUE">17</attwidth>
        <attrdef Sync="TRUE">First Name – Primary permit holder’s first name.</attrdef>
      </attr>
      <attr>
        <attrlabl Sync="TRUE">MAIL_ADDR</attrlabl>
        <attalias Sync="TRUE">MAIL_ADDR</attalias>
        <attrtype Sync="TRUE">String</attrtype>
        <attwidth Sync="TRUE">32</attwidth>
        <attrdef Sync="TRUE">Mailing Address – Primary permit holder’s address or farm headquarters.</attrdef>
      </attr>
      <attr>
        <attrlabl Sync="TRUE">MAIL_CITY</attrlabl>
        <attalias Sync="TRUE">MAIL_CITY</attalias>
        <attrtype Sync="TRUE">String</attrtype>
        <attwidth Sync="TRUE">23</attwidth>
        <attrdef Sync="TRUE">Mailing City – Primary permit holder’s city.</attrdef>
      </attr>
      <attr>
        <attrlabl Sync="TRUE">MAIL_ST</attrlabl>
        <attalias Sync="TRUE">MAIL_ST</attalias>
        <attrtype Sync="TRUE">String</attrtype>
        <attwidth Sync="TRUE">4</attwidth>
        <attrdef Sync="TRUE">Mailing State – Primary permit holder’s state.</attrdef>
      </attr>
      <attr>
        <attrlabl Sync="TRUE">MAIL_ZIP</attrlabl>
        <attalias Sync="TRUE">MAIL_ZIP</attalias>
        <attrtype Sync="TRUE">String</attrtype>
        <attwidth Sync="TRUE">12</attwidth>
        <attrdef Sync="TRUE">Mailing Zip – Primary permit holder’s zip code.</attrdef>
      </attr>
      <attr>
        <attrlabl Sync="TRUE">PMT_SITE</attrlabl>
        <attalias Sync="TRUE">PMT_SITE</attalias>
        <attrtype Sync="TRUE">String</attrtype>
        <attwidth Sync="TRUE">15</attwidth>
        <attrdef Sync="TRUE">Permit-Site - Concatenated value which serves as the unique identifier for each polygon in this database.</attrdef>
      </attr>
      <attr>
        <attrlabl Sync="TRUE">PMT_YEAR</attrlabl>
        <attalias Sync="TRUE">PMT_YEAR</attalias>
        <attrtype Sync="TRUE">String</attrtype>
        <attwidth Sync="TRUE">4</attwidth>
        <attrdef Sync="TRUE">Permit Year – Calendar year for which the polygon is active.  Inspectors begin issuing annual permits in December of the previous year and sometimes enter polygons after the end of the calendar year.</attrdef>
      </attr>
      <attr>
        <attrlabl Sync="TRUE">AC_PRMT</attrlabl>
        <attalias Sync="TRUE">AC_PRMT</attalias>
        <attrtype Sync="TRUE">Double</attrtype>
        <attwidth Sync="TRUE">6,2</attwidth>
        <attrdef Sync="TRUE">Acres Permitted – Grower-provided net planted acres for the site.</attrdef>
      </attr>
    </detailed>
    <overview></overview>
  </eainfo>
  <mdDateSt Sync="TRUE">19991231</mdDateSt>
  <dataqual>
    <complete>The 12,868 individual polygons in this set represent approximately 98% of the crop boundaries permitted in 1999.  This dataset represents the second attempt to clean up the spatial database.</complete>
    <lineage>
      <srcinfo>
        <typesrc>digital tape media</typesrc>
        <srctime>
          <timeinfo>
            <sngdate>
              <caldate>December 31, 1999</caldate>
            </sngdate>
          </timeinfo>
          <srccurr>publication date</srccurr>
        </srctime>
      </srcinfo>
      <procstep>
        <procdesc Sync="TRUE">Metadata imported.</procdesc>
        <srcused Sync="TRUE">L:\kgis1999\kern1999.shp.xml</srcused>
        <date Sync="TRUE">19991231</date>
        <time Sync="TRUE">14061200</time>
      </procstep>
      <procstep>
        <procdesc Sync="TRUE">Metadata imported.</procdesc>
        <srcused Sync="TRUE">L:\kgis1999\kern1999.shp.xml</srcused>
        <date Sync="TRUE">19991231</date>
        <time Sync="TRUE">14073800</time>
      </procstep>
    </lineage>
  </dataqual>
</metadata>