<?xml version="1.0" encoding="UTF-8"?>
<metadata xml:lang="en"><Esri><CreaDate>20181008</CreaDate><CreaTime>13093000</CreaTime><ArcGISFormat>1.0</ArcGISFormat><SyncOnce>TRUE</SyncOnce><DataProperties><lineage><Process ToolSource="c:\program files (x86)\arcgis\desktop10.4\ArcToolbox\Toolboxes\Data Management Tools.tbx\CalculateField" Date="20180220" Time="142804">CalculateField kern2017 SYMBOL "VEGETABLE" VB #</Process><Process ToolSource="c:\program files (x86)\arcgis\desktop10.4\ArcToolbox\Toolboxes\Data Management Tools.tbx\AddSpatialIndex" Date="20180221" Time="133734">AddSpatialIndex kern2017 0 0 0</Process></lineage></DataProperties></Esri></metadata>
